Date(0 UT),Distance to Earth (a.u.),Distance to Sun (a.u.)
1/1/24,0.797,0.3479
1/2/24,0.8172,0.3534
1/3/24,0.8378,0.3591
1/4/24,0.8586,0.3649
1/5/24,0.8796,0.3707
1/6/24,0.9005,0.3765
1/7/24,0.9213,0.3823
1/8/24,0.9419,0.388
1/9/24,0.9621,0.3936
1/10/24,0.9821,0.3991
1/11/24,1.0016,0.4045
1/12/24,1.0207,0.4097
1/13/24,1.0394,0.4148
1/14/24,1.0575,0.4197
1/15/24,1.0752,0.4244
1/16/24,1.0924,0.4288
1/17/24,1.1091,0.4331
1/18/24,1.1253,0.4371
1/19/24,1.1409,0.4409
1/20/24,1.1561,0.4445
1/21/24,1.1708,0.4478
1/22/24,1.1849,0.4508
1/23/24,1.1986,0.4536
1/24/24,1.2117,0.4562
1/25/24,1.2244,0.4584
1/26/24,1.2366,0.4604
1/27/24,1.2483,0.4621
1/28/24,1.2595,0.4636
1/29/24,1.2703,0.4648
1/30/24,1.2806,0.4657
1/31/24,1.2905,0.4663
2/1/24,1.2999,0.4666
2/2/24,1.3088,0.4667
2/3/24,1.3173,0.4665
2/4/24,1.3254,0.466
2/5/24,1.3329,0.4652
2/6/24,1.3401,0.4641
2/7/24,1.3468,0.4628
2/8/24,1.353,0.4612
2/9/24,1.3588,0.4593
2/10/24,1.3642,0.4572
2/11/24,1.369,0.4548
2/12/24,1.3734,0.4521
2/13/24,1.3773,0.4491
2/14/24,1.3808,0.4459
2/15/24,1.3837,0.4425
2/16/24,1.3861,0.4388
2/17/24,1.388,0.4349
2/18/24,1.3893,0.4307
2/19/24,1.3901,0.4263
2/20/24,1.3903,0.4217
2/21/24,1.3899,0.4169
2/22/24,1.3889,0.4119
2/23/24,1.3872,0.4068
2/24/24,1.3848,0.4015
2/25/24,1.3817,0.396
2/26/24,1.3778,0.3904
2/27/24,1.3732,0.3847
2/28/24,1.3677,0.379
2/29/24,1.3613,0.3732
3/1/24,1.354,0.3674
3/2/24,1.3457,0.3616
3/3/24,1.3364,0.3559
3/4/24,1.326,0.3502
3/5/24,1.3145,0.3447
3/6/24,1.3019,0.3394
3/7/24,1.288,0.3344
3/8/24,1.2729,0.3296
3/9/24,1.2566,0.3252
3/10/24,1.239,0.3211
3/11/24,1.2202,0.3175
3/12/24,1.2002,0.3144
3/13/24,1.1789,0.3118
3/14/24,1.1565,0.3098
3/15/24,1.1331,0.3084
3/16/24,1.1086,0.3077
3/17/24,1.0834,0.3075
3/18/24,1.0574,0.308
3/19/24,1.0309,0.3092
3/20/24,1.0039,0.311
3/21/24,0.9767,0.3133
3/22/24,0.9495,0.3162
3/23/24,0.9223,0.3196
3/24/24,0.8954,0.3235
3/25/24,0.8689,0.3278
3/26/24,0.8429,0.3324
3/27/24,0.8177,0.3374
3/28/24,0.7933,0.3426
3/29/24,0.7698,0.348
3/30/24,0.7473,0.3536
3/31/24,0.726,0.3593
4/1/24,0.7059,0.3651
4/2/24,0.6871,0.3709
4/3/24,0.6697,0.3767
4/4/24,0.6536,0.3825
4/5/24,0.6391,0.3882
4/6/24,0.626,0.3938
4/7/24,0.6145,0.3993
4/8/24,0.6045,0.4047
4/9/24,0.596,0.4099
4/10/24,0.589,0.415
4/11/24,0.5836,0.4198
4/12/24,0.5797,0.4245
4/13/24,0.5772,0.429
4/14/24,0.5761,0.4332
4/15/24,0.5763,0.4373
4/16/24,0.5779,0.4411
4/17/24,0.5806,0.4446
4/18/24,0.5846,0.4479
4/19/24,0.5896,0.4509
4/20/24,0.5956,0.4537
4/21/24,0.6026,0.4563
4/22/24,0.6105,0.4585
4/23/24,0.6192,0.4605
4/24/24,0.6286,0.4622
4/25/24,0.6387,0.4636
4/26/24,0.6495,0.4648
4/27/24,0.6609,0.4657
4/28/24,0.6728,0.4663
4/29/24,0.6852,0.4666
4/30/24,0.6981,0.4667
5/1/24,0.7114,0.4665
5/2/24,0.7251,0.4659
5/3/24,0.7391,0.4652
5/4/24,0.7535,0.4641
5/5/24,0.7682,0.4628
5/6/24,0.7832,0.4611
5/7/24,0.7984,0.4593
5/8/24,0.8139,0.4571
5/9/24,0.8297,0.4547
5/10/24,0.8456,0.452
5/11/24,0.8617,0.449
5/12/24,0.8781,0.4458
5/13/24,0.8946,0.4424
5/14/24,0.9112,0.4387
5/15/24,0.928,0.4347
5/16/24,0.945,0.4306
5/17/24,0.962,0.4262
5/18/24,0.9791,0.4216
5/19/24,0.9963,0.4168
5/20/24,1.0136,0.4118
5/21/24,1.0309,0.4066
5/22/24,1.0482,0.4013
5/23/24,1.0655,0.3958
5/24/24,1.0827,0.3902
5/25/24,1.0999,0.3846
5/26/24,1.1169,0.3788
5/27/24,1.1337,0.373
5/28/24,1.1503,0.3672
5/29/24,1.1666,0.3614
5/30/24,1.1826,0.3557
5/31/24,1.1981,0.3501
6/1/24,1.2131,0.3446
6/2/24,1.2275,0.3393
6/3/24,1.2413,0.3342
6/4/24,1.2543,0.3294
6/5/24,1.2665,0.325
6/6/24,1.2777,0.321
6/7/24,1.2878,0.3174
6/8/24,1.2968,0.3143
6/9/24,1.3046,0.3117
6/10/24,1.3111,0.3098
6/11/24,1.3162,0.3084
6/12/24,1.3199,0.3076
6/13/24,1.3222,0.3075
6/14/24,1.3231,0.3081
6/15/24,1.3224,0.3092
6/16/24,1.3204,0.311
6/17/24,1.317,0.3134
6/18/24,1.3123,0.3163
6/19/24,1.3064,0.3197
6/20/24,1.2993,0.3236
6/21/24,1.2911,0.3279
6/22/24,1.2819,0.3326
6/23/24,1.2718,0.3375
6/24/24,1.2609,0.3428
6/25/24,1.2493,0.3482
6/26/24,1.2371,0.3538
6/27/24,1.2243,0.3595
6/28/24,1.2109,0.3653
6/29/24,1.1972,0.3711
6/30/24,1.1831,0.3769
7/1/24,1.1687,0.3826
7/2/24,1.154,0.3883
7/3/24,1.139,0.394
7/4/24,1.1239,0.3995
7/5/24,1.1087,0.4048
7/6/24,1.0933,0.4101
7/7/24,1.0779,0.4151
7/8/24,1.0623,0.42
7/9/24,1.0468,0.4247
7/10/24,1.0312,0.4291
7/11/24,1.0156,0.4334
7/12/24,1,0.4374
7/13/24,0.9844,0.4412
7/14/24,0.9689,0.4447
7/15/24,0.9534,0.448
7/16/24,0.938,0.451
7/17/24,0.9226,0.4538
7/18/24,0.9073,0.4563
7/19/24,0.8921,0.4586
7/20/24,0.877,0.4606
7/21/24,0.8621,0.4623
7/22/24,0.8472,0.4637
7/23/24,0.8325,0.4649
7/24/24,0.818,0.4657
7/25/24,0.8036,0.4663
7/26/24,0.7895,0.4667
7/27/24,0.7755,0.4667
7/28/24,0.7618,0.4665
7/29/24,0.7484,0.4659
7/30/24,0.7353,0.4651
7/31/24,0.7225,0.4641
8/1/24,0.7101,0.4627
8/2/24,0.6981,0.4611
8/3/24,0.6866,0.4592
8/4/24,0.6755,0.457
8/5/24,0.6651,0.4546
8/6/24,0.6553,0.4519
8/7/24,0.6462,0.4489
8/8/24,0.6379,0.4457
8/9/24,0.6304,0.4423
8/10/24,0.6239,0.4385
8/11/24,0.6183,0.4346
8/12/24,0.6139,0.4304
8/13/24,0.6108,0.426
8/14/24,0.6089,0.4214
8/15/24,0.6083,0.4166
8/16/24,0.6093,0.4116
8/17/24,0.6117,0.4064
8/18/24,0.6158,0.4011
8/19/24,0.6215,0.3956
8/20/24,0.6289,0.39
8/21/24,0.6381,0.3844
8/22/24,0.6489,0.3786
8/23/24,0.6616,0.3728
8/24/24,0.6759,0.367
8/25/24,0.6919,0.3612
8/26/24,0.7096,0.3555
8/27/24,0.7288,0.3499
8/28/24,0.7495,0.3444
8/29/24,0.7715,0.3391
8/30/24,0.7949,0.3341
8/31/24,0.8193,0.3293
9/1/24,0.8448,0.3249
9/2/24,0.8711,0.3209
9/3/24,0.8981,0.3173
9/4/24,0.9256,0.3142
9/5/24,0.9534,0.3117
9/6/24,0.9813,0.3097
9/7/24,1.0091,0.3083
9/8/24,1.0368,0.3076
9/9/24,1.0639,0.3075
9/10/24,1.0905,0.3081
9/11/24,1.1164,0.3093
9/12/24,1.1414,0.3111
9/13/24,1.1654,0.3135
9/14/24,1.1884,0.3164
9/15/24,1.2102,0.3198
9/16/24,1.2309,0.3237
9/17/24,1.2503,0.3281
9/18/24,1.2685,0.3327
9/19/24,1.2855,0.3377
9/20/24,1.3013,0.3429
9/21/24,1.3159,0.3484
9/22/24,1.3293,0.354
9/23/24,1.3417,0.3597
9/24/24,1.3529,0.3654
9/25/24,1.3631,0.3712
9/26/24,1.3723,0.377
9/27/24,1.3806,0.3828
9/28/24,1.3879,0.3885
9/29/24,1.3944,0.3941
9/30/24,1.4,0.3996
10/1/24,1.4048,0.405
10/2/24,1.4088,0.4102
10/3/24,1.4121,0.4153
10/4/24,1.4147,0.4201
10/5/24,1.4166,0.4248
10/6/24,1.4179,0.4292
10/7/24,1.4185,0.4335
10/8/24,1.4185,0.4375
10/9/24,1.4179,0.4413
10/10/24,1.4167,0.4448
10/11/24,1.415,0.4481
10/12/24,1.4127,0.4511
10/13/24,1.4098,0.4539
10/14/24,1.4065,0.4564
10/15/24,1.4026,0.4586
10/16/24,1.3982,0.4606
10/17/24,1.3933,0.4623
10/18/24,1.3879,0.4637
10/19/24,1.382,0.4649
10/20/24,1.3756,0.4657
10/21/24,1.3687,0.4663
10/22/24,1.3613,0.4667
10/23/24,1.3534,0.4667
10/24/24,1.345,0.4664
10/25/24,1.3361,0.4659
10/26/24,1.3267,0.4651
10/27/24,1.3168,0.464
10/28/24,1.3064,0.4627
10/29/24,1.2955,0.461
10/30/24,1.284,0.4591
10/31/24,1.272,0.457
11/1/24,1.2595,0.4545
11/2/24,1.2465,0.4518
11/3/24,1.2329,0.4489
11/4/24,1.2187,0.4456
11/5/24,1.204,0.4422
11/6/24,1.1887,0.4384
11/7/24,1.1728,0.4345
11/8/24,1.1564,0.4303
11/9/24,1.1394,0.4259
11/10/24,1.1219,0.4213
11/11/24,1.1037,0.4165
11/12/24,1.085,0.4115
11/13/24,1.0658,0.4063
11/14/24,1.046,0.401
11/15/24,1.0257,0.3955
11/16/24,1.0049,0.3899
11/17/24,0.9837,0.3842
11/18/24,0.962,0.3785
11/19/24,0.9401,0.3727
11/20/24,0.9178,0.3668
11/21/24,0.8955,0.3611
11/22/24,0.8731,0.3553
11/23/24,0.8507,0.3497
11/24/24,0.8287,0.3442
11/25/24,0.8071,0.339
11/26/24,0.7863,0.3339
11/27/24,0.7664,0.3292
11/28/24,0.7477,0.3248
11/29/24,0.7307,0.3207
11/30/24,0.7155,0.3172
12/1/24,0.7025,0.3141
12/2/24,0.6921,0.3116
12/3/24,0.6844,0.3097
12/4/24,0.6798,0.3083
12/5/24,0.6784,0.3076
12/6/24,0.6801,0.3075
12/7/24,0.6851,0.3081
12/8/24,0.6931,0.3093
12/9/24,0.7039,0.3111
12/10/24,0.7174,0.3136
12/11/24,0.733,0.3165
12/12/24,0.7507,0.32
12/13/24,0.7699,0.3239
12/14/24,0.7903,0.3282
12/15/24,0.8118,0.3329
12/16/24,0.8339,0.3379
12/17/24,0.8565,0.3431
12/18/24,0.8794,0.3485
12/19/24,0.9023,0.3541
12/20/24,0.9251,0.3598
12/21/24,0.9477,0.3656
12/22/24,0.97,0.3714
12/23/24,0.9919,0.3772
12/24/24,1.0134,0.383
12/25/24,1.0343,0.3887
12/26/24,1.0547,0.3943
12/27/24,1.0746,0.3998
12/28/24,1.0938,0.4052
12/29/24,1.1125,0.4104
12/30/24,1.1305,0.4154
12/31/24,1.1479,0.4203
1/1/25,1.1647,0.4249
1/2/25,1.1809,0.4294
1/3/25,1.1964,0.4336
1/4/25,1.2114,0.4376
1/5/25,1.2258,0.4414
1/6/25,1.2395,0.4449
1/7/25,1.2527,0.4482
1/8/25,1.2654,0.4512
1/9/25,1.2774,0.454
1/10/25,1.289,0.4565
1/11/25,1.2999,0.4587
1/12/25,1.3104,0.4607
1/13/25,1.3203,0.4623
1/14/25,1.3296,0.4638
1/15/25,1.3385,0.4649
1/16/25,1.3468,0.4658
1/17/25,1.3547,0.4663
1/18/25,1.362,0.4667
1/19/25,1.3688,0.4667
1/20/25,1.3752,0.4664
1/21/25,1.381,0.4659
1/22/25,1.3864,0.4651
1/23/25,1.3912,0.464
1/24/25,1.3955,0.4626
1/25/25,1.3994,0.461
1/26/25,1.4027,0.4591
1/27/25,1.4055,0.4569
1/28/25,1.4078,0.4544
1/29/25,1.4096,0.4517
1/30/25,1.4109,0.4488
1/31/25,1.4116,0.4455
2/1/25,1.4117,0.4421
2/2/25,1.4113,0.4383
2/3/25,1.4102,0.4344
2/4/25,1.4086,0.4302
2/5/25,1.4064,0.4258
2/6/25,1.4035,0.4211
2/7/25,1.3999,0.4163
2/8/25,1.3957,0.4113
2/9/25,1.3907,0.4061
2/10/25,1.3849,0.4008
2/11/25,1.3784,0.3953
2/12/25,1.3711,0.3897
2/13/25,1.3629,0.384
2/14/25,1.3538,0.3783
2/15/25,1.3438,0.3725
2/16/25,1.3328,0.3667
2/17/25,1.3208,0.3609
2/18/25,1.3078,0.3552
2/19/25,1.2936,0.3496
2/20/25,1.2784,0.3441
2/21/25,1.262,0.3388
2/22/25,1.2444,0.3338
2/23/25,1.2256,0.329
2/24/25,1.2057,0.3246
2/25/25,1.1845,0.3206
2/26/25,1.1623,0.3171
2/27/25,1.1389,0.3141
2/28/25,1.1146,0.3115
3/1/25,1.0892,0.3096
3/2/25,1.0631,0.3083
3/3/25,1.0363,0.3076
3/4/25,1.0089,0.3076
3/5/25,0.9812,0.3082
3/6/25,0.9533,0.3094
3/7/25,0.9253,0.3112
3/8/25,0.8976,0.3136
3/9/25,0.8702,0.3166
3/10/25,0.8434,0.3201
3/11/25,0.8174,0.324
3/12/25,0.7922,0.3283
3/13/25,0.7682,0.333
3/14/25,0.7454,0.338
3/15/25,0.7239,0.3433
3/16/25,0.7039,0.3487
3/17/25,0.6854,0.3543
3/18/25,0.6687,0.36
3/19/25,0.6536,0.3658
3/20/25,0.6403,0.3716
3/21/25,0.6288,0.3774
3/22/25,0.6191,0.3832
3/23/25,0.6112,0.3889
3/24/25,0.6051,0.3945
3/25/25,0.6007,0.4
3/26/25,0.598,0.4053
3/27/25,0.5968,0.4105
3/28/25,0.5972,0.4156
3/29/25,0.5991,0.4204
3/30/25,0.6023,0.4251
3/31/25,0.6067,0.4295
4/1/25,0.6123,0.4338
4/2/25,0.619,0.4377
4/3/25,0.6267,0.4415
4/4/25,0.6352,0.445
4/5/25,0.6445,0.4483
4/6/25,0.6545,0.4513
4/7/25,0.6652,0.4541
4/8/25,0.6765,0.4565
4/9/25,0.6883,0.4588
4/10/25,0.7005,0.4607
4/11/25,0.7132,0.4624
4/12/25,0.7262,0.4638
4/13/25,0.7396,0.4649
4/14/25,0.7532,0.4658
4/15/25,0.7671,0.4664
4/16/25,0.7812,0.4667
4/17/25,0.7956,0.4667
4/18/25,0.8101,0.4664
4/19/25,0.8247,0.4659
4/20/25,0.8396,0.465
4/21/25,0.8545,0.4639
4/22/25,0.8695,0.4626
4/23/25,0.8847,0.4609
4/24/25,0.8999,0.459
4/25/25,0.9152,0.4568
4/26/25,0.9305,0.4544
4/27/25,0.9459,0.4516
4/28/25,0.9614,0.4487
4/29/25,0.9769,0.4454
4/30/25,0.9924,0.4419
5/1/25,1.0079,0.4382
5/2/25,1.0234,0.4342
5/3/25,1.0389,0.43
5/4/25,1.0544,0.4256
5/5/25,1.0698,0.421
5/6/25,1.0851,0.4162
5/7/25,1.1004,0.4111
5/8/25,1.1155,0.406
5/9/25,1.1306,0.4006
5/10/25,1.1454,0.3951
5/11/25,1.16,0.3895
5/12/25,1.1744,0.3839
5/13/25,1.1886,0.3781
5/14/25,1.2023,0.3723
5/15/25,1.2157,0.3665
5/16/25,1.2287,0.3607
5/17/25,1.2411,0.355
5/18/25,1.253,0.3494
5/19/25,1.2642,0.3439
5/20/25,1.2747,0.3386
5/21/25,1.2843,0.3336
5/22/25,1.293,0.3289
5/23/25,1.3008,0.3245
5/24/25,1.3074,0.3205
5/25/25,1.3129,0.317
5/26/25,1.3171,0.314
5/27/25,1.32,0.3115
5/28/25,1.3216,0.3096
5/29/25,1.3217,0.3083
5/30/25,1.3204,0.3076
5/31/25,1.3176,0.3076
6/1/25,1.3134,0.3082
6/2/25,1.3078,0.3094
6/3/25,1.3008,0.3113
6/4/25,1.2926,0.3137
6/5/25,1.2831,0.3167
6/6/25,1.2725,0.3202
6/7/25,1.2608,0.3241
6/8/25,1.2483,0.3285
6/9/25,1.2348,0.3332
6/10/25,1.2206,0.3382
6/11/25,1.2058,0.3434
6/12/25,1.1904,0.3489
6/13/25,1.1745,0.3545
6/14/25,1.1582,0.3602
6/15/25,1.1416,0.366
6/16/25,1.1247,0.3718
6/17/25,1.1077,0.3776
6/18/25,1.0904,0.3833
6/19/25,1.0731,0.389
6/20/25,1.0557,0.3947
6/21/25,1.0382,0.4001
6/22/25,1.0208,0.4055
6/23/25,1.0034,0.4107
6/24/25,0.9861,0.4157
6/25/25,0.9688,0.4206
6/26/25,0.9517,0.4252
6/27/25,0.9347,0.4297
6/28/25,0.9178,0.4339
6/29/25,0.9011,0.4379
6/30/25,0.8846,0.4416
7/1/25,0.8682,0.4451
7/2/25,0.8521,0.4484
7/3/25,0.8362,0.4514
7/4/25,0.8205,0.4541
7/5/25,0.8051,0.4566
7/6/25,0.79,0.4588
7/7/25,0.7751,0.4608
7/8/25,0.7606,0.4625
7/9/25,0.7464,0.4639
7/10/25,0.7326,0.465
7/11/25,0.7191,0.4658
7/12/25,0.7061,0.4664
7/13/25,0.6935,0.4667
7/14/25,0.6813,0.4667
7/15/25,0.6697,0.4664
7/16/25,0.6587,0.4659
7/17/25,0.6482,0.465
7/18/25,0.6384,0.4639
7/19/25,0.6292,0.4625
7/20/25,0.6208,0.4609
7/21/25,0.6133,0.4589
7/22/25,0.6065,0.4567
7/23/25,0.6007,0.4543
7/24/25,0.5959,0.4515
7/25/25,0.5921,0.4486
7/26/25,0.5895,0.4453
7/27/25,0.588,0.4418
7/28/25,0.5877,0.4381
7/29/25,0.5887,0.4341
7/30/25,0.5911,0.4299
7/31/25,0.5948,0.4255
8/1/25,0.5999,0.4208
8/2/25,0.6065,0.416
8/3/25,0.6145,0.411
8/4/25,0.624,0.4058
8/5/25,0.635,0.4004
8/6/25,0.6474,0.395
8/7/25,0.6613,0.3894
8/8/25,0.6766,0.3837
8/9/25,0.6933,0.3779
8/10/25,0.7113,0.3721
8/11/25,0.7306,0.3663
8/12/25,0.7511,0.3605
8/13/25,0.7728,0.3548
8/14/25,0.7955,0.3492
8/15/25,0.8192,0.3437
8/16/25,0.8438,0.3385
8/17/25,0.8691,0.3335
8/18/25,0.8951,0.3287
8/19/25,0.9216,0.3244
8/20/25,0.9484,0.3204
8/21/25,0.9754,0.3169
8/22/25,1.0025,0.3139
8/23/25,1.0295,0.3114
8/24/25,1.0562,0.3095
8/25/25,1.0824,0.3082
8/26/25,1.1081,0.3076
8/27/25,1.133,0.3076
8/28/25,1.157,0.3082
8/29/25,1.1801,0.3095
8/30/25,1.2021,0.3113
8/31/25,1.2229,0.3138
9/1/25,1.2425,0.3168
9/2/25,1.2608,0.3203
9/3/25,1.2778,0.3242
9/4/25,1.2936,0.3286
9/5/25,1.308,0.3333
9/6/25,1.3213,0.3383
9/7/25,1.3333,0.3436
9/8/25,1.3441,0.349
9/9/25,1.3538,0.3546
9/10/25,1.3624,0.3604
9/11/25,1.37,0.3661
9/12/25,1.3766,0.3719
9/13/25,1.3822,0.3777
9/14/25,1.3869,0.3835
9/15/25,1.3908,0.3892
9/16/25,1.3938,0.3948
9/17/25,1.3961,0.4003
9/18/25,1.3977,0.4056
9/19/25,1.3985,0.4108
9/20/25,1.3987,0.4159
9/21/25,1.3982,0.4207
9/22/25,1.3971,0.4253
9/23/25,1.3954,0.4298
9/24/25,1.3931,0.434
9/25/25,1.3903,0.438
9/26/25,1.387,0.4417
9/27/25,1.3831,0.4452
9/28/25,1.3788,0.4485
9/29/25,1.3739,0.4515
9/30/25,1.3686,0.4542
10/1/25,1.3627,0.4567
10/2/25,1.3565,0.4589
10/3/25,1.3497,0.4608
10/4/25,1.3425,0.4625
10/5/25,1.3349,0.4639
10/6/25,1.3268,0.465
10/7/25,1.3182,0.4658
10/8/25,1.3092,0.4664
10/9/25,1.2998,0.4667
10/10/25,1.2899,0.4667
10/11/25,1.2796,0.4664
10/12/25,1.2688,0.4658
10/13/25,1.2576,0.465
10/14/25,1.2459,0.4639
10/15/25,1.2337,0.4625
10/16/25,1.2211,0.4608
10/17/25,1.2081,0.4589
10/18/25,1.1945,0.4567
10/19/25,1.1805,0.4542
10/20/25,1.166,0.4515
10/21/25,1.151,0.4485
10/22/25,1.1356,0.4452
10/23/25,1.1197,0.4417
10/24/25,1.1033,0.438
10/25/25,1.0864,0.434
10/26/25,1.069,0.4298
10/27/25,1.0512,0.4253
10/28/25,1.033,0.4207
10/29/25,1.0143,0.4159
10/30/25,0.9952,0.4108
10/31/25,0.9757,0.4056
11/1/25,0.9559,0.4003
11/2/25,0.9358,0.3948
11/3/25,0.9154,0.3892
11/4/25,0.8949,0.3835
11/5/25,0.8743,0.3777
11/6/25,0.8537,0.3719
11/7/25,0.8333,0.3661
11/8/25,0.8132,0.3603
11/9/25,0.7935,0.3546
11/10/25,0.7745,0.349
11/11/25,0.7564,0.3436
11/12/25,0.7395,0.3383
11/13/25,0.724,0.3333
11/14/25,0.7102,0.3286
11/15/25,0.6984,0.3242
11/16/25,0.689,0.3203
11/17/25,0.6821,0.3168
11/18/25,0.6782,0.3138
11/19/25,0.6772,0.3113
11/20/25,0.6794,0.3095
11/21/25,0.6848,0.3082
11/22/25,0.6932,0.3076
11/23/25,0.7046,0.3076
11/24/25,0.7187,0.3082
11/25/25,0.7353,0.3095
11/26/25,0.754,0.3114
11/27/25,0.7744,0.3139
11/28/25,0.7963,0.3169
11/29/25,0.8192,0.3204
11/30/25,0.843,0.3244
12/1/25,0.8674,0.3288
12/2/25,0.892,0.3335
12/3/25,0.9167,0.3385
12/4/25,0.9412,0.3438
12/5/25,0.9656,0.3492
12/6/25,0.9896,0.3548
12/7/25,1.0131,0.3605
12/8/25,1.036,0.3663
12/9/25,1.0584,0.3721
12/10/25,1.0801,0.3779
12/11/25,1.1012,0.3837
12/12/25,1.1215,0.3894
12/13/25,1.1412,0.395
12/14/25,1.1601,0.4005
12/15/25,1.1782,0.4058
12/16/25,1.1957,0.411
12/17/25,1.2124,0.416
12/18/25,1.2285,0.4209
12/19/25,1.2438,0.4255
12/20/25,1.2585,0.4299
12/21/25,1.2724,0.4341
12/22/25,1.2857,0.4381
12/23/25,1.2984,0.4418
12/24/25,1.3104,0.4453
12/25/25,1.3218,0.4486
12/26/25,1.3326,0.4516
12/27/25,1.3427,0.4543
12/28/25,1.3523,0.4568
12/29/25,1.3613,0.4589
12/30/25,1.3697,0.4609
12/31/25,1.3776,0.4625
1/1/26,1.3848,0.4639
1/2/26,1.3916,0.465
1/3/26,1.3978,0.4658
1/4/26,1.4034,0.4664
1/5/26,1.4085,0.4667
1/6/26,1.4131,0.4667
1/7/26,1.4171,0.4664
1/8/26,1.4207,0.4658
1/9/26,1.4236,0.465
1/10/26,1.4261,0.4638
1/11/26,1.428,0.4624
1/12/26,1.4293,0.4608
1/13/26,1.4301,0.4588
1/14/26,1.4304,0.4566
1/15/26,1.4301,0.4541
1/16/26,1.4292,0.4514
1/17/26,1.4278,0.4484
1/18/26,1.4258,0.4451
1/19/26,1.4231,0.4416
1/20/26,1.4199,0.4379
1/21/26,1.416,0.4339
1/22/26,1.4114,0.4296
1/23/26,1.4062,0.4252
1/24/26,1.4003,0.4206
1/25/26,1.3936,0.4157
1/26/26,1.3863,0.4107
1/27/26,1.3781,0.4055
1/28/26,1.3692,0.4001
1/29/26,1.3594,0.3946
1/30/26,1.3488,0.389
1/31/26,1.3373,0.3833
2/1/26,1.3248,0.3776
2/2/26,1.3114,0.3718
2/3/26,1.2971,0.366
2/4/26,1.2816,0.3602
2/5/26,1.2652,0.3545
2/6/26,1.2477,0.3489
2/7/26,1.229,0.3434
2/8/26,1.2093,0.3382
2/9/26,1.1885,0.3332
2/10/26,1.1666,0.3285
2/11/26,1.1436,0.3241
2/12/26,1.1196,0.3202
2/13/26,1.0946,0.3167
2/14/26,1.0688,0.3137
2/15/26,1.0422,0.3113
2/16/26,1.0149,0.3094
2/17/26,0.9872,0.3082
2/18/26,0.9591,0.3076
2/19/26,0.9309,0.3076
2/20/26,0.9028,0.3083
2/21/26,0.875,0.3096
2/22/26,0.8477,0.3115
2/23/26,0.8212,0.314
2/24/26,0.7956,0.317
2/25/26,0.7712,0.3205
2/26/26,0.7481,0.3245
2/27/26,0.7266,0.3289
2/28/26,0.7068,0.3336
3/1/26,0.6889,0.3387
3/2/26,0.6728,0.3439
3/3/26,0.6588,0.3494
3/4/26,0.6469,0.355
3/5/26,0.6371,0.3607
3/6/26,0.6294,0.3665
3/7/26,0.6237,0.3723
3/8/26,0.6201,0.3781
3/9/26,0.6183,0.3839
3/10/26,0.6184,0.3896
3/11/26,0.6201,0.3952
3/12/26,0.6235,0.4006
3/13/26,0.6283,0.406
3/14/26,0.6344,0.4112
3/15/26,0.6417,0.4162
3/16/26,0.65,0.421
3/17/26,0.6594,0.4256
3/18/26,0.6695,0.4301
3/19/26,0.6804,0.4343
3/20/26,0.6919,0.4382
3/21/26,0.704,0.4419
3/22/26,0.7165,0.4454
3/23/26,0.7294,0.4487
3/24/26,0.7427,0.4516
3/25/26,0.7563,0.4544
3/26/26,0.7701,0.4568
3/27/26,0.7842,0.459
3/28/26,0.7983,0.4609
3/29/26,0.8127,0.4626
3/30/26,0.8271,0.4639
3/31/26,0.8416,0.465
4/1/26,0.8561,0.4659
4/2/26,0.8707,0.4664
4/3/26,0.8853,0.4667
4/4/26,0.9,0.4666
4/5/26,0.9146,0.4663
4/6/26,0.9292,0.4658
4/7/26,0.9438,0.4649
4/8/26,0.9583,0.4638
4/9/26,0.9728,0.4624
4/10/26,0.9873,0.4607
4/11/26,1.0017,0.4587
4/12/26,1.016,0.4565
4/13/26,1.0303,0.454
4/14/26,1.0444,0.4513
4/15/26,1.0585,0.4483
4/16/26,1.0725,0.445
4/17/26,1.0864,0.4415
4/18/26,1.1002,0.4377
4/19/26,1.1138,0.4337
4/20/26,1.1273,0.4295
4/21/26,1.1407,0.4251
4/22/26,1.1539,0.4204
4/23/26,1.1669,0.4156
4/24/26,1.1796,0.4105
4/25/26,1.1922,0.4053
4/26/26,1.2044,0.4
4/27/26,1.2164,0.3945
4/28/26,1.228,0.3889
4/29/26,1.2393,0.3832
4/30/26,1.2501,0.3774
5/1/26,1.2605,0.3716
5/2/26,1.2703,0.3658
5/3/26,1.2796,0.36
5/4/26,1.2881,0.3543
5/5/26,1.296,0.3487
5/6/26,1.3031,0.3433
5/7/26,1.3093,0.338
5/8/26,1.3146,0.333
5/9/26,1.3188,0.3283
5/10/26,1.3219,0.324
5/11/26,1.3238,0.3201
5/12/26,1.3245,0.3166
5/13/26,1.3238,0.3136
5/14/26,1.3218,0.3112
5/15/26,1.3183,0.3094
5/16/26,1.3134,0.3081
5/17/26,1.3071,0.3076
5/18/26,1.2994,0.3076
5/19/26,1.2902,0.3083
5/20/26,1.2798,0.3096
5/21/26,1.268,0.3115
5/22/26,1.2551,0.3141
5/23/26,1.2411,0.3171
5/24/26,1.2261,0.3206
5/25/26,1.2102,0.3246
5/26/26,1.1935,0.329
5/27/26,1.1762,0.3338
5/28/26,1.1583,0.3388
5/29/26,1.1399,0.3441
5/30/26,1.1211,0.3496
5/31/26,1.1021,0.3552
6/1/26,1.0828,0.3609
6/2/26,1.0634,0.3667
6/3/26,1.0438,0.3725
6/4/26,1.0243,0.3783
6/5/26,1.0048,0.3841
6/6/26,0.9854,0.3897
6/7/26,0.966,0.3953
6/8/26,0.9469,0.4008
6/9/26,0.9279,0.4061
6/10/26,0.9091,0.4113
6/11/26,0.8905,0.4163
6/12/26,0.8723,0.4212
6/13/26,0.8543,0.4258
6/14/26,0.8366,0.4302
6/15/26,0.8192,0.4344
6/16/26,0.8022,0.4383
6/17/26,0.7856,0.4421
6/18/26,0.7694,0.4455
6/19/26,0.7535,0.4488
6/20/26,0.7381,0.4517
6/21/26,0.7232,0.4545
6/22/26,0.7087,0.4569
6/23/26,0.6948,0.4591
6/24/26,0.6814,0.461
6/25/26,0.6685,0.4626
6/26/26,0.6563,0.464
6/27/26,0.6446,0.4651
6/28/26,0.6337,0.4659
6/29/26,0.6234,0.4664
6/30/26,0.6139,0.4667
7/1/26,0.6052,0.4667
7/2/26,0.5973,0.4663
7/3/26,0.5902,0.4658
7/4/26,0.5841,0.4649
7/5/26,0.5789,0.4638
7/6/26,0.5748,0.4623
7/7/26,0.5717,0.4606
7/8/26,0.5696,0.4587
7/9/26,0.5687,0.4565
7/10/26,0.569,0.454
7/11/26,0.5704,0.4512
7/12/26,0.573,0.4482
7/13/26,0.5769,0.4449
7/14/26,0.582,0.4414
7/15/26,0.5884,0.4376
7/16/26,0.596,0.4336
7/17/26,0.6049,0.4294
7/18/26,0.615,0.4249
7/19/26,0.6264,0.4202
7/20/26,0.639,0.4154
7/21/26,0.6528,0.4103
7/22/26,0.6677,0.4051
7/23/26,0.6838,0.3998
7/24/26,0.701,0.3943
7/25/26,0.7193,0.3887
7/26/26,0.7386,0.383
7/27/26,0.7588,0.3772
7/28/26,0.7799,0.3714
7/29/26,0.802,0.3656
7/30/26,0.8248,0.3598
7/31/26,0.8483,0.3541
8/1/26,0.8724,0.3485
8/2/26,0.8972,0.3431
8/3/26,0.9223,0.3378
8/4/26,0.9478,0.3329
8/5/26,0.9736,0.3282
8/6/26,0.9995,0.3239
8/7/26,1.0253,0.3199
8/8/26,1.051,0.3165
8/9/26,1.0764,0.3135
8/10/26,1.1013,0.3111
8/11/26,1.1256,0.3093
8/12/26,1.1493,0.3081
8/13/26,1.172,0.3075
8/14/26,1.1938,0.3076
8/15/26,1.2144,0.3083
8/16/26,1.2339,0.3097
8/17/26,1.2522,0.3116
8/18/26,1.2691,0.3141
8/19/26,1.2848,0.3172
8/20/26,1.2991,0.3208
8/21/26,1.3121,0.3248
8/22/26,1.3237,0.3292
8/23/26,1.3341,0.3339
8/24/26,1.3432,0.339
8/25/26,1.3512,0.3442
8/26/26,1.358,0.3497
8/27/26,1.3637,0.3553
8/28/26,1.3684,0.3611
8/29/26,1.3721,0.3669
8/30/26,1.3749,0.3727
8/31/26,1.3768,0.3785
9/1/26,1.3779,0.3842
9/2/26,1.3782,0.3899
9/3/26,1.3777,0.3955
9/4/26,1.3766,0.401
9/5/26,1.3749,0.4063
9/6/26,1.3725,0.4115
9/7/26,1.3695,0.4165
9/8/26,1.3659,0.4213
9/9/26,1.3619,0.4259
9/10/26,1.3573,0.4303
9/11/26,1.3522,0.4345
9/12/26,1.3466,0.4384
9/13/26,1.3406,0.4422
9/14/26,1.3341,0.4456
9/15/26,1.3272,0.4489
9/16/26,1.3199,0.4518
9/17/26,1.3121,0.4545
9/18/26,1.304,0.457
9/19/26,1.2954,0.4591
9/20/26,1.2865,0.461
9/21/26,1.2771,0.4627
9/22/26,1.2674,0.464
9/23/26,1.2573,0.4651
9/24/26,1.2468,0.4659
9/25/26,1.2359,0.4664
9/26/26,1.2247,0.4667
9/27/26,1.213,0.4667
9/28/26,1.201,0.4663
9/29/26,1.1886,0.4657
9/30/26,1.1758,0.4649
10/1/26,1.1627,0.4637
10/2/26,1.1491,0.4623
10/3/26,1.1352,0.4606
10/4/26,1.1209,0.4586
10/5/26,1.1062,0.4564
10/6/26,1.0911,0.4539
10/7/26,1.0756,0.4511
10/8/26,1.0598,0.4481
10/9/26,1.0435,0.4448
10/10/26,1.0269,0.4413
10/11/26,1.01,0.4375
10/12/26,0.9927,0.4335
10/13/26,0.9751,0.4292
10/14/26,0.9572,0.4248
10/15/26,0.9391,0.4201
10/16/26,0.9207,0.4153
10/17/26,0.9021,0.4102
10/18/26,0.8834,0.405
10/19/26,0.8647,0.3996
10/20/26,0.8459,0.3941
10/21/26,0.8273,0.3885
10/22/26,0.8089,0.3828
10/23/26,0.7908,0.377
10/24/26,0.7733,0.3712
10/25/26,0.7564,0.3654
10/26/26,0.7403,0.3596
10/27/26,0.7254,0.3539
10/28/26,0.7118,0.3483
10/29/26,0.6998,0.3429
10/30/26,0.6897,0.3377
10/31/26,0.6816,0.3327
11/1/26,0.676,0.328
11/2/26,0.673,0.3237
11/3/26,0.6728,0.3198
11/4/26,0.6756,0.3164
11/5/26,0.6814,0.3135
11/6/26,0.6902,0.3111
11/7/26,0.7019,0.3093
11/8/26,0.7163,0.3081
11/9/26,0.7333,0.3075
11/10/26,0.7525,0.3076
11/11/26,0.7736,0.3084
11/12/26,0.7964,0.3097
11/13/26,0.8204,0.3117
11/14/26,0.8454,0.3142
11/15/26,0.8711,0.3173
11/16/26,0.8971,0.3209
11/17/26,0.9233,0.3249
11/18/26,0.9494,0.3293
11/19/26,0.9753,0.3341
11/20/26,1.0008,0.3391
11/21/26,1.0259,0.3444
11/22/26,1.0503,0.3499
11/23/26,1.074,0.3555
11/24/26,1.097,0.3613
11/25/26,1.1192,0.367
11/26/26,1.1407,0.3728
11/27/26,1.1613,0.3786
11/28/26,1.1811,0.3844
11/29/26,1.2,0.3901
11/30/26,1.2181,0.3957
12/1/26,1.2355,0.4011
12/2/26,1.252,0.4065
12/3/26,1.2677,0.4116
12/4/26,1.2826,0.4166
12/5/26,1.2968,0.4214
12/6/26,1.3102,0.426
12/7/26,1.3229,0.4304
12/8/26,1.3349,0.4346
12/9/26,1.3462,0.4386
12/10/26,1.3568,0.4423
12/11/26,1.3668,0.4457
12/12/26,1.3761,0.4489
12/13/26,1.3847,0.4519
12/14/26,1.3927,0.4546
12/15/26,1.4002,0.457
12/16/26,1.407,0.4592
12/17/26,1.4132,0.4611
12/18/26,1.4188,0.4627
12/19/26,1.4238,0.4641
12/20/26,1.4283,0.4651
12/21/26,1.4322,0.4659
12/22/26,1.4355,0.4664
12/23/26,1.4383,0.4667
12/24/26,1.4405,0.4666
12/25/26,1.4422,0.4663
12/26/26,1.4433,0.4657
12/27/26,1.4439,0.4648
12/28/26,1.4439,0.4637
12/29/26,1.4433,0.4622
12/30/26,1.4421,0.4605
12/31/26,1.4404,0.4586